timestamp, srcIP, destIP, protocol, swid,flow_packet_count,packets_in_queue,queue_timedelta,hitter, packet_length
1637750050,10.254.1.213,10.1.1.96,6,2 , 154 ,0 ,1204 ,0 ,70508 
1637750050,10.254.1.213,10.1.1.96,6,2 , 154 ,0 ,1204 ,0 ,70508 
1637750050,10.1.1.96,10.254.1.213,6,2 , 144 ,0 ,1033 ,0 ,3887 
1637750050,10.1.1.96,10.254.1.213,6,2 , 144 ,0 ,1033 ,0 ,3887 
1637750050,10.254.1.213,10.1.1.96,6,2 , 155 ,0 ,188 ,0 ,70544 
1637750050,10.254.1.213,10.1.1.96,6,2 , 155 ,0 ,188 ,0 ,70544 
1637750050,10.254.1.213,10.1.1.96,6,2 , 156 ,0 ,172 ,0 ,125600 
1637750050,10.254.1.213,10.1.1.96,6,2 , 156 ,0 ,172 ,0 ,125600 
1637750050,10.1.1.96,10.254.1.213,6,2 , 145 ,0 ,348 ,0 ,3923 
1637750050,10.1.1.96,10.254.1.213,6,2 , 145 ,0 ,348 ,0 ,3923 
1637750050,10.1.1.96,10.254.1.213,6,2 , 146 ,0 ,247 ,0 ,3959 
1637750050,10.1.1.96,10.254.1.213,6,2 , 146 ,0 ,247 ,0 ,3959 
1637750050,10.254.1.213,10.1.1.96,6,2 , 157 ,1 ,878 ,0 ,70580 
1637750050,10.254.1.213,10.1.1.96,6,2 , 158 ,0 ,1205 ,0 ,125636 
1637750050,10.1.1.96,10.254.1.213,6,2 , 147 ,0 ,1849 ,0 ,3995 
1637750050,10.254.1.213,10.1.1.96,6,2 , 159 ,0 ,509 ,0 ,70616 
1637750050,10.1.1.96,10.254.1.213,6,2 , 148 ,1 ,288 ,0 ,4031 
1637750050,10.1.1.96,10.254.1.213,6,2 , 149 ,0 ,1003 ,0 ,6848 
1637750050,10.254.1.213,10.1.1.96,6,2 , 160 ,0 ,184 ,0 ,70652 
1637750050,10.254.1.213,10.1.1.96,17,2 , 5769 ,0 ,828 ,0 ,125672 
1637750050,10.1.1.96,10.254.1.213,17,2 , 9 ,1 ,2306 ,0 ,4067 
1637750050,10.1.1.96,10.254.1.213,6,2 , 150 ,0 ,1837 ,0 ,117536 
1637750050,10.254.1.213,10.1.1.96,6,2 , 161 ,0 ,519 ,0 ,70688 
1637750050,10.1.1.96,10.254.1.213,6,2 , 151 ,0 ,1329 ,0 ,4103 
1637750050,10.254.1.213,10.1.1.96,6,2 , 162 ,0 ,138 ,0 ,70724 
1637750065,12.1.1.2,10.1.1.96,6,1 , 133 ,0 ,2261 ,0 ,19169 
1637750065,12.1.1.2,10.1.1.96,6,1 , 133 ,0 ,2261 ,0 ,19169 
1637750065,10.254.1.213,10.1.1.96,6,2 , 163 ,0 ,1406 ,0 ,81560 
1637750065,10.254.1.213,10.1.1.96,6,2 , 163 ,0 ,1406 ,0 ,81560 
1637750065,10.1.1.96,10.254.1.213,6,2 , 152 ,0 ,503 ,0 ,4139 
1637750065,10.1.1.96,10.254.1.213,6,2 , 152 ,0 ,503 ,0 ,4139 
1637750065,10.1.1.96,12.1.1.2,6,1 , 129 ,0 ,57 ,0 ,2028 
1637750065,10.1.1.96,12.1.1.2,6,1 , 129 ,0 ,57 ,0 ,2028 
1637750065,12.1.1.2,10.1.1.96,6,1 , 134 ,0 ,558 ,0 ,122456 
1637750065,12.1.1.2,10.1.1.96,6,1 , 134 ,0 ,558 ,0 ,122456 
1637750065,12.1.1.2,10.1.1.96,6,1 , 135 ,0 ,516 ,0 ,19013 
1637750065,12.1.1.2,10.1.1.96,6,1 , 135 ,0 ,516 ,0 ,19013 
1637750065,10.254.1.213,10.1.1.96,6,2 , 164 ,3 ,15523 ,0 ,81632 
1637750065,10.254.1.213,10.1.1.96,6,2 , 165 ,2 ,16247 ,0 ,6717 
1637750065,10.254.1.213,10.1.1.96,6,2 , 164 ,3 ,15523 ,0 ,81632 
1637750065,10.254.1.213,10.1.1.96,6,2 , 165 ,2 ,16247 ,0 ,6717 
1637750065,10.1.1.96,10.254.1.213,6,2 , 153 ,1 ,12416 ,0 ,4175 
1637750065,10.1.1.96,10.254.1.213,6,2 , 154 ,0 ,13301 ,0 ,3008 
1637750065,10.1.1.96,10.254.1.213,6,2 , 153 ,1 ,12416 ,0 ,4175 
1637750065,10.1.1.96,10.254.1.213,6,2 , 154 ,0 ,13301 ,0 ,3008 
1637750065,10.1.1.96,12.1.1.2,6,1 , 130 ,0 ,130 ,0 ,2028 
1637750065,10.1.1.96,12.1.1.2,6,1 , 131 ,0 ,322 ,0 ,226409 
1637750065,10.1.1.96,12.1.1.2,6,1 , 130 ,0 ,130 ,0 ,2028 
1637750065,10.1.1.96,12.1.1.2,6,1 , 131 ,0 ,322 ,0 ,226409 
1637750065,12.1.1.2,10.1.1.96,6,1 , 136 ,0 ,145 ,0 ,18769 
1637750065,12.1.1.2,10.1.1.96,6,1 , 137 ,0 ,231 ,0 ,67992 
1637750065,10.254.1.213,10.1.1.96,6,2 , 166 ,0 ,8374 ,0 ,163006 
1637750065,10.254.1.213,10.1.1.96,6,2 , 167 ,0 ,60 ,0 ,81704 
1637750065,10.1.1.96,10.254.1.213,6,2 , 155 ,0 ,604 ,0 ,4211 
1637750065,10.1.1.96,12.1.1.2,6,1 , 132 ,0 ,147 ,0 ,2028 
1637750065,12.1.1.2,10.1.1.96,6,1 , 138 ,0 ,164 ,0 ,124848 
1637750065,10.254.1.213,10.1.1.96,6,2 , 168 ,0 ,549 ,0 ,81740 
1637750065,10.1.1.96,10.254.1.213,6,2 , 156 ,1 ,389 ,0 ,4247 
1637750065,10.1.1.96,12.1.1.2,6,1 , 133 ,0 ,68 ,0 ,2028 
1637750065,10.1.1.96,12.1.1.2,6,1 , 134 ,0 ,573 ,0 ,2028 
1637750065,10.1.1.96,10.254.1.213,6,2 , 157 ,0 ,1168 ,0 ,175408 
1637750065,12.1.1.2,10.1.1.96,17,1 , 39736 ,0 ,1143 ,0 ,19392 
1637750065,10.254.1.213,10.1.1.96,17,2 , 7204 ,0 ,317 ,0 ,81812 
1637750065,10.1.1.96,10.254.1.213,17,2 , 10 ,0 ,122 ,0 ,4283 
1637750065,10.1.1.96,12.1.1.2,17,1 , 8 ,0 ,69 ,0 ,2028 
1637750065,12.1.1.2,10.1.1.96,6,1 , 139 ,0 ,283 ,0 ,18985 
1637750065,10.254.1.213,10.1.1.96,6,2 , 169 ,0 ,325 ,0 ,81920 
1637750065,10.1.1.96,10.254.1.213,6,2 , 158 ,0 ,2832 ,0 ,4319 
1637750065,10.1.1.96,12.1.1.2,6,1 , 135 ,0 ,366 ,0 ,2028 
1637750065,12.1.1.2,10.1.1.96,6,1 , 140 ,0 ,232 ,0 ,127352 
1637750065,10.254.1.213,10.1.1.96,6,2 , 170 ,0 ,156 ,0 ,81956 
1637750110,10.254.1.213,10.1.1.96,6,2 , 171 ,0 ,589 ,0 ,91064 
1637750110,10.254.1.213,10.1.1.96,6,2 , 171 ,0 ,589 ,0 ,91064 
1637750110,10.1.1.96,10.254.1.213,6,2 , 159 ,0 ,443 ,0 ,4355 
1637750110,10.1.1.96,10.254.1.213,6,2 , 159 ,0 ,443 ,0 ,4355 
1637750110,10.1.1.96,10.254.1.213,6,2 , 160 ,1 ,2926 ,0 ,125536 
1637750110,10.254.1.213,10.1.1.96,6,2 , 172 ,0 ,1553 ,0 ,91100 
1637750110,10.254.1.213,10.1.1.96,6,2 , 173 ,0 ,598 ,0 ,6717 
1637750110,10.1.1.96,10.254.1.213,6,2 , 161 ,0 ,581 ,0 ,4391 
1637750110,10.254.1.213,10.1.1.96,6,2 , 174 ,0 ,177 ,0 ,91136 
1637750110,10.1.1.96,10.254.1.213,6,2 , 162 ,1 ,581 ,0 ,4427 
1637750110,10.1.1.96,10.254.1.213,6,2 , 163 ,0 ,445 ,0 ,15536 
1637750110,10.254.1.213,10.1.1.96,6,2 , 175 ,0 ,447 ,0 ,91172 
1637750110,10.1.1.96,10.254.1.213,6,2 , 160 ,1 ,2926 ,0 ,125536 
1637750110,10.254.1.213,10.1.1.96,6,2 , 172 ,0 ,1553 ,0 ,91100 
1637750110,10.254.1.213,10.1.1.96,6,2 , 173 ,0 ,598 ,0 ,6717 
1637750110,10.1.1.96,10.254.1.213,6,2 , 161 ,0 ,581 ,0 ,4391 
1637750110,10.1.1.96,10.254.1.213,6,2 , 164 ,0 ,144 ,0 ,4463 
1637750110,10.254.1.213,10.1.1.96,6,2 , 176 ,0 ,169 ,0 ,91208 
1637750110,10.254.1.213,10.1.1.96,6,2 , 177 ,0 ,181 ,0 ,91244 
1637750110,10.1.1.96,10.254.1.213,6,2 , 165 ,0 ,302 ,0 ,4499 
1637750110,10.254.1.213,10.1.1.96,6,2 , 178 ,0 ,213 ,0 ,91280 
1637750110,10.254.1.213,10.1.1.96,6,2 , 179 ,1 ,320 ,0 ,91316 
1637750110,10.1.1.96,10.254.1.213,6,2 , 166 ,0 ,620 ,0 ,4535 
1637750125,12.1.1.2,10.1.1.96,6,1 , 141 ,0 ,422 ,0 ,15737 
1637750125,12.1.1.2,10.1.1.96,6,1 , 141 ,0 ,422 ,0 ,15737 
1637750125,10.254.1.213,10.1.1.96,6,2 , 180 ,0 ,350 ,0 ,91352 
1637750125,10.254.1.213,10.1.1.96,6,2 , 180 ,0 ,350 ,0 ,91352 
1637750125,10.1.1.96,10.254.1.213,6,2 , 167 ,1 ,131 ,0 ,4571 
1637750125,10.1.1.96,10.254.1.213,6,2 , 168 ,0 ,510 ,0 ,74384 
1637750125,10.1.1.96,10.254.1.213,6,2 , 167 ,1 ,131 ,0 ,4571 
1637750125,10.1.1.96,10.254.1.213,6,2 , 168 ,0 ,510 ,0 ,74384 
1637750125,10.1.1.96,12.1.1.2,6,1 , 136 ,0 ,100 ,0 ,2172 
1637750125,10.1.1.96,12.1.1.2,6,1 , 136 ,0 ,100 ,0 ,2172 
1637750125,10.1.1.96,12.1.1.2,6,1 , 137 ,0 ,2789 ,0 ,226409 
1637750125,10.1.1.96,12.1.1.2,6,1 , 137 ,0 ,2789 ,0 ,226409 
1637750125,12.1.1.2,10.1.1.96,6,1 , 142 ,0 ,753 ,0 ,22876 
1637750126,12.1.1.2,10.1.1.96,6,1 , 142 ,0 ,753 ,0 ,22876 
1637750126,10.254.1.213,10.1.1.96,6,2 , 181 ,0 ,206 ,0 ,91388 
1637750126,10.254.1.213,10.1.1.96,6,2 , 181 ,0 ,206 ,0 ,91388 
1637750126,12.1.1.2,10.1.1.96,6,1 , 143 ,0 ,200 ,0 ,23129 
1637750126,12.1.1.2,10.1.1.96,6,1 , 143 ,0 ,200 ,0 ,23129 
1637750126,10.254.1.213,10.1.1.96,6,2 , 182 ,0 ,172 ,0 ,91424 
1637750126,10.254.1.213,10.1.1.96,6,2 , 182 ,0 ,172 ,0 ,91424 
1637750126,10.1.1.96,10.254.1.213,6,2 , 169 ,0 ,54 ,0 ,4607 
1637750126,10.1.1.96,10.254.1.213,6,2 , 169 ,0 ,54 ,0 ,4607 
1637750126,10.1.1.96,12.1.1.2,6,1 , 138 ,0 ,78 ,0 ,2172 
1637750126,10.1.1.96,12.1.1.2,6,1 , 138 ,0 ,78 ,0 ,2172 
1637750126,12.1.1.2,10.1.1.96,6,1 , 144 ,0 ,198 ,0 ,22481 
1637750126,10.254.1.213,10.1.1.96,6,2 , 183 ,0 ,674 ,0 ,91460 
1637750126,10.1.1.96,10.254.1.213,6,2 , 170 ,0 ,235 ,0 ,4643 
1637750126,10.1.1.96,10.254.1.213,6,2 , 171 ,0 ,157 ,0 ,74420 
1637750126,10.1.1.96,12.1.1.2,6,1 , 139 ,0 ,182 ,0 ,2172 
1637750126,10.1.1.96,12.1.1.2,6,1 , 140 ,0 ,36 ,0 ,2172 
1637750126,12.1.1.2,10.1.1.96,6,1 , 145 ,0 ,163 ,0 ,23297 
1637750126,10.254.1.213,10.1.1.96,6,2 , 184 ,0 ,155 ,0 ,91496 
1637750126,10.1.1.96,10.254.1.213,6,2 , 172 ,0 ,175 ,0 ,4679 
1637750126,10.1.1.96,12.1.1.2,6,1 , 141 ,0 ,370 ,0 ,2172 
1637750126,12.1.1.2,10.1.1.96,6,1 , 146 ,0 ,130 ,0 ,228248 
1637750126,12.1.1.2,10.1.1.96,6,1 , 147 ,1 ,813 ,0 ,23033 
1637750126,12.1.1.2,10.1.1.96,6,1 , 148 ,0 ,1610 ,0 ,24144 
1637750126,10.254.1.213,10.1.1.96,6,2 , 185 ,1 ,180 ,0 ,91532 
1637750126,10.254.1.213,10.1.1.96,6,2 , 186 ,1 ,830 ,0 ,160621 
1637750126,10.254.1.213,10.1.1.96,6,2 , 187 ,0 ,1102 ,0 ,3227 
1637750126,10.1.1.96,10.254.1.213,6,2 , 173 ,2 ,313 ,0 ,4715 
1637750126,10.1.1.96,10.254.1.213,6,2 , 174 ,1 ,1287 ,0 ,74456 
1637750126,10.1.1.96,12.1.1.2,6,1 , 142 ,2 ,621 ,0 ,2172 
1637750126,10.1.1.96,10.254.1.213,6,2 , 175 ,0 ,3603 ,0 ,31648 
1637750126,10.1.1.96,12.1.1.2,6,1 , 143 ,1 ,1582 ,0 ,0 
1637750126,10.1.1.96,12.1.1.2,6,1 , 144 ,0 ,8084 ,0 ,4096 
1637750126,12.1.1.2,10.1.1.96,6,1 , 149 ,0 ,300 ,0 ,98272 
1637750126,10.254.1.213,10.1.1.96,6,2 , 188 ,0 ,656 ,0 ,91568 
1637750134,10.254.1.213,10.1.1.96,6,2 , 189 ,0 ,187 ,0 ,91604 
1637750134,10.254.1.213,10.1.1.96,6,2 , 189 ,0 ,187 ,0 ,91604 
1637750134,10.1.1.96,10.254.1.213,6,2 , 176 ,0 ,143 ,0 ,4751 
1637750134,10.1.1.96,10.254.1.213,6,2 , 176 ,0 ,143 ,0 ,4751 
1637750134,10.254.1.213,10.1.1.96,6,2 , 190 ,0 ,608 ,0 ,91640 
1637750134,10.254.1.213,10.1.1.96,6,2 , 190 ,0 ,608 ,0 ,91640 
1637750134,10.254.1.213,10.1.1.96,6,2 , 191 ,0 ,110 ,0 ,160657 
1637750134,10.254.1.213,10.1.1.96,6,2 , 191 ,0 ,110 ,0 ,160657 
1637750134,10.1.1.96,10.254.1.213,6,2 , 177 ,0 ,353 ,0 ,4787 
1637750134,10.1.1.96,10.254.1.213,6,2 , 177 ,0 ,353 ,0 ,4787 
1637750134,10.1.1.96,10.254.1.213,6,2 , 178 ,0 ,204 ,0 ,110000 
1637750134,10.1.1.96,10.254.1.213,6,2 , 178 ,0 ,204 ,0 ,110000 
1637750134,10.254.1.213,10.1.1.96,6,2 , 192 ,0 ,238 ,0 ,91676 
1637750134,10.254.1.213,10.1.1.96,6,2 , 193 ,0 ,177 ,0 ,160693 
1637750134,10.1.1.96,10.254.1.213,6,2 , 179 ,0 ,229 ,0 ,4823 
1637750134,10.254.1.213,10.1.1.96,6,2 , 194 ,0 ,235 ,0 ,91712 
1637750134,10.1.1.96,10.254.1.213,6,2 , 180 ,1 ,1027 ,0 ,4859 
1637750134,10.1.1.96,10.254.1.213,6,2 , 181 ,0 ,684 ,0 ,77114 
1637750134,10.254.1.213,10.1.1.96,6,2 , 195 ,0 ,113 ,0 ,91748 
1637750134,10.254.1.213,10.1.1.96,17,2 , 8555 ,0 ,327 ,0 ,91784 
1637750134,10.1.1.96,10.254.1.213,17,2 , 11 ,0 ,105 ,0 ,4895 
1637750134,10.1.1.96,10.254.1.213,6,2 , 182 ,0 ,616 ,0 ,4931 
1637750134,10.254.1.213,10.1.1.96,6,2 , 196 ,0 ,132 ,0 ,91820 
1637750134,10.1.1.96,10.254.1.213,6,2 , 183 ,0 ,360 ,0 ,4967 
1637750134,10.254.1.213,10.1.1.96,6,2 , 197 ,0 ,698 ,0 ,91856 
1637750135,12.1.1.2,10.1.1.96,6,1 , 150 ,0 ,263 ,0 ,258052 
1637750135,12.1.1.2,10.1.1.96,6,1 , 150 ,0 ,263 ,0 ,258052 
1637750135,10.254.1.213,10.1.1.96,6,2 , 198 ,0 ,103 ,0 ,92396 
1637750135,10.1.1.96,10.254.1.213,6,2 , 184 ,0 ,75 ,0 ,5003 
1637750135,10.1.1.96,12.1.1.2,6,1 , 145 ,0 ,333 ,0 ,2208 
1637750135,10.1.1.96,12.1.1.2,6,1 , 145 ,0 ,333 ,0 ,2208 
1637750135,12.1.1.2,10.1.1.96,6,1 , 151 ,0 ,268 ,0 ,15492 
1637750135,12.1.1.2,10.1.1.96,6,1 , 151 ,0 ,268 ,0 ,15492 
1637750135,10.254.1.213,10.1.1.96,6,2 , 199 ,0 ,816 ,0 ,92432 
1637750135,12.1.1.2,10.1.1.96,6,1 , 152 ,0 ,240 ,0 ,200236 
1637750135,12.1.1.2,10.1.1.96,6,1 , 152 ,0 ,240 ,0 ,200236 
1637750135,10.254.1.213,10.1.1.96,6,2 , 200 ,5 ,779 ,0 ,92468 
1637750135,10.1.1.96,10.254.1.213,6,2 , 185 ,1 ,144 ,0 ,5039 
1637750135,10.1.1.96,10.254.1.213,6,2 , 186 ,0 ,339 ,0 ,2800 
1637750135,10.1.1.96,12.1.1.2,6,1 , 146 ,1 ,364 ,0 ,2208 
1637750135,10.1.1.96,12.1.1.2,6,1 , 146 ,1 ,364 ,0 ,2208 
1637750135,10.1.1.96,12.1.1.2,6,1 , 147 ,0 ,1079 ,0 ,210832 
1637750135,10.1.1.96,12.1.1.2,6,1 , 147 ,0 ,1079 ,0 ,210832 
1637750135,12.1.1.2,10.1.1.96,6,1 , 153 ,0 ,311 ,0 ,23101 
1637750135,10.254.1.213,10.1.1.96,6,2 , 201 ,0 ,612 ,0 ,92504 
1637750135,12.1.1.2,10.1.1.96,6,1 , 154 ,0 ,216 ,0 ,184576 
1637750135,10.254.1.213,10.1.1.96,6,2 , 202 ,0 ,133 ,0 ,92540 
1637750135,10.1.1.96,10.254.1.213,6,2 , 187 ,0 ,41 ,0 ,5075 
1637750135,10.1.1.96,12.1.1.2,6,1 , 148 ,0 ,173 ,0 ,2208 
1637750135,12.1.1.2,10.1.1.96,6,1 , 155 ,0 ,911 ,0 ,22745 
1637750135,10.254.1.213,10.1.1.96,6,2 , 203 ,0 ,976 ,0 ,92648 
1637750135,10.1.1.96,10.254.1.213,6,2 , 188 ,1 ,212 ,0 ,5111 
1637750135,10.1.1.96,10.254.1.213,6,2 , 189 ,0 ,417 ,0 ,110036 
1637750135,10.1.1.96,12.1.1.2,6,1 , 149 ,0 ,236 ,0 ,2208 
1637750135,10.1.1.96,12.1.1.2,6,1 , 150 ,0 ,188 ,0 ,2208 
1637750135,12.1.1.2,10.1.1.96,17,1 , 48137 ,0 ,209 ,0 ,23553 
1637750135,10.254.1.213,10.1.1.96,17,2 , 8628 ,0 ,652 ,0 ,92684 
1637750135,10.1.1.96,10.254.1.213,17,2 , 12 ,0 ,67 ,0 ,5147 
1637750135,10.1.1.96,12.1.1.2,17,1 , 9 ,0 ,238 ,0 ,2208 
1637750135,12.1.1.2,10.1.1.96,6,1 , 156 ,0 ,232 ,0 ,23061 
1637750135,10.254.1.213,10.1.1.96,6,2 , 204 ,1 ,7661 ,0 ,254221 
1637750135,10.1.1.96,12.1.1.2,6,1 , 151 ,0 ,266 ,0 ,2208 
1637750135,10.1.1.96,10.254.1.213,6,2 , 190 ,0 ,3819 ,0 ,5183 
1637750135,12.1.1.2,10.1.1.96,6,1 , 157 ,0 ,289 ,0 ,128824 
1637750135,10.254.1.213,10.1.1.96,6,2 , 205 ,0 ,239 ,0 ,92756 
1637750194,10.254.1.213,10.1.1.96,6,2 , 206 ,0 ,469 ,0 ,101504 
1637750194,10.254.1.213,10.1.1.96,6,2 , 206 ,0 ,469 ,0 ,101504 
1637750194,10.1.1.96,10.254.1.213,6,2 , 191 ,0 ,171 ,0 ,5219 
1637750194,10.1.1.96,10.254.1.213,6,2 , 191 ,0 ,171 ,0 ,5219 
1637750194,10.1.1.96,10.254.1.213,6,2 , 192 ,0 ,672 ,0 ,226848 
1637750194,10.1.1.96,10.254.1.213,6,2 , 192 ,0 ,672 ,0 ,226848 
1637750194,10.254.1.213,10.1.1.96,6,2 , 207 ,0 ,621 ,0 ,101540 
1637750194,10.254.1.213,10.1.1.96,6,2 , 208 ,0 ,856 ,0 ,18321 
1637750194,10.254.1.213,10.1.1.96,6,2 , 207 ,0 ,621 ,0 ,101540 
1637750194,10.254.1.213,10.1.1.96,6,2 , 208 ,0 ,856 ,0 ,18321 
1637750194,10.1.1.96,10.254.1.213,6,2 , 193 ,0 ,3465 ,0 ,5255 
1637750194,10.1.1.96,10.254.1.213,6,2 , 193 ,0 ,3465 ,0 ,5255 
1637750194,10.254.1.213,10.1.1.96,6,2 , 209 ,0 ,593 ,0 ,101576 
1637750194,10.1.1.96,10.254.1.213,6,2 , 194 ,1 ,964 ,0 ,5291 
1637750194,10.1.1.96,10.254.1.213,6,2 , 195 ,0 ,1983 ,0 ,226884 
1637750194,10.254.1.213,10.1.1.96,6,2 , 210 ,0 ,530 ,0 ,101612 
1637750194,10.1.1.96,10.254.1.213,6,2 , 196 ,0 ,514 ,0 ,5327 
1637750194,10.254.1.213,10.1.1.96,6,2 , 211 ,0 ,1707 ,0 ,101648 
1637750194,10.254.1.213,10.1.1.96,6,2 , 212 ,0 ,1463 ,0 ,101684 
1637750194,10.254.1.213,10.1.1.96,6,2 , 213 ,0 ,783 ,0 ,25970 
1637750194,10.1.1.96,10.254.1.213,6,2 , 197 ,1 ,189 ,0 ,5363 
1637750194,10.1.1.96,10.254.1.213,6,2 , 198 ,0 ,1824 ,0 ,226920 
1637750194,10.1.1.96,10.254.1.213,6,2 , 199 ,0 ,393 ,0 ,175408 
1637750194,10.254.1.213,10.1.1.96,6,2 , 214 ,0 ,1002 ,0 ,101720 
1637750195,12.1.1.2,10.1.1.96,6,1 , 158 ,0 ,349 ,0 ,71496 
1637750195,12.1.1.2,10.1.1.96,6,1 , 158 ,0 ,349 ,0 ,71496 
1637750195,10.254.1.213,10.1.1.96,6,2 , 215 ,0 ,431 ,0 ,101756 
1637750195,10.254.1.213,10.1.1.96,6,2 , 215 ,0 ,431 ,0 ,101756 
1637750195,10.1.1.96,10.254.1.213,6,2 , 200 ,0 ,58 ,0 ,5399 
1637750195,10.1.1.96,10.254.1.213,6,2 , 201 ,0 ,646 ,0 ,226956 
1637750195,10.1.1.96,12.1.1.2,6,1 , 152 ,1 ,170 ,0 ,2280 
1637750195,10.1.1.96,12.1.1.2,6,1 , 153 ,0 ,1360 ,0 ,210832 
1637750195,10.1.1.96,12.1.1.2,6,1 , 152 ,1 ,170 ,0 ,2280 
1637750195,10.1.1.96,12.1.1.2,6,1 , 153 ,0 ,1360 ,0 ,210832 
1637750195,12.1.1.2,10.1.1.96,6,1 , 159 ,0 ,150 ,0 ,26213 
1637750195,12.1.1.2,10.1.1.96,6,1 , 159 ,0 ,150 ,0 ,26213 
1637750195,10.254.1.213,10.1.1.96,6,2 , 216 ,0 ,87 ,0 ,101792 
1637750195,12.1.1.2,10.1.1.96,6,1 , 160 ,0 ,223 ,0 ,96968 
1637750195,12.1.1.2,10.1.1.96,6,1 , 160 ,0 ,223 ,0 ,96968 
1637750195,10.254.1.213,10.1.1.96,6,2 , 217 ,0 ,84 ,0 ,101828 
1637750195,10.1.1.96,10.254.1.213,6,2 , 202 ,0 ,497 ,0 ,5435 
1637750195,10.1.1.96,12.1.1.2,6,1 , 154 ,0 ,94 ,0 ,2280 
1637750195,10.1.1.96,12.1.1.2,6,1 , 154 ,0 ,94 ,0 ,2280 
1637750195,12.1.1.2,10.1.1.96,6,1 , 161 ,0 ,177 ,0 ,27613 
1637750195,10.254.1.213,10.1.1.96,6,2 , 218 ,0 ,26 ,0 ,101864 
1637750195,10.1.1.96,10.254.1.213,6,2 , 203 ,1 ,491 ,0 ,5471 
1637750195,10.1.1.96,10.254.1.213,6,2 , 204 ,0 ,1508 ,0 ,226992 
1637750195,10.1.1.96,12.1.1.2,6,1 , 155 ,0 ,65 ,0 ,2280 
1637750195,10.1.1.96,12.1.1.2,6,1 , 156 ,0 ,4030 ,0 ,210832 
1637750195,12.1.1.2,10.1.1.96,6,1 , 162 ,0 ,137 ,0 ,223240 
1637750195,10.254.1.213,10.1.1.96,6,2 , 219 ,0 ,956 ,0 ,101900 
1637750195,10.1.1.96,10.254.1.213,6,2 , 205 ,0 ,718 ,0 ,5507 
1637750195,10.1.1.96,12.1.1.2,6,1 , 157 ,0 ,206 ,0 ,2280 
1637750196,12.1.1.2,10.1.1.96,6,1 , 163 ,0 ,169 ,0 ,27357 
1637750196,10.254.1.213,10.1.1.96,6,2 , 220 ,0 ,792 ,0 ,101936 
1637750196,12.1.1.2,10.1.1.96,6,1 , 164 ,1 ,503 ,0 ,27233 
1637750196,12.1.1.2,10.1.1.96,6,1 , 165 ,0 ,2388 ,0 ,84912 
1637750196,10.254.1.213,10.1.1.96,6,2 , 221 ,0 ,1774 ,0 ,101972 
1637750196,10.254.1.213,10.1.1.96,6,2 , 222 ,0 ,888 ,0 ,102008 
1637750196,10.1.1.96,10.254.1.213,6,2 , 206 ,2 ,3344 ,0 ,5543 
1637750196,10.1.1.96,10.254.1.213,6,2 , 207 ,1 ,3508 ,0 ,227028 
1637750196,10.1.1.96,10.254.1.213,6,2 , 208 ,0 ,3658 ,0 ,175444 
1637750196,10.1.1.96,12.1.1.2,6,1 , 158 ,0 ,77 ,0 ,2280 
1637750196,10.1.1.96,12.1.1.2,6,1 , 159 ,0 ,514 ,0 ,12346 
1637750196,10.1.1.96,12.1.1.2,6,1 , 160 ,0 ,65 ,0 ,2280 
1637750196,12.1.1.2,10.1.1.96,6,1 , 166 ,0 ,144 ,0 ,232560 
1637750196,10.254.1.213,10.1.1.96,6,2 , 223 ,0 ,743 ,0 ,102044 
1637750211,12.1.1.2,10.1.1.96,6,1 , 167 ,0 ,124 ,0 ,64044 
1637750211,12.1.1.2,10.1.1.96,6,1 , 167 ,0 ,124 ,0 ,64044 
1637750211,10.254.1.213,10.1.1.96,6,2 , 224 ,0 ,215 ,0 ,102080 
1637750211,10.254.1.213,10.1.1.96,6,2 , 224 ,0 ,215 ,0 ,102080 
1637750211,10.1.1.96,10.254.1.213,6,2 , 209 ,0 ,129 ,0 ,5579 
1637750211,10.1.1.96,10.254.1.213,6,2 , 209 ,0 ,129 ,0 ,5579 
1637750211,10.1.1.96,12.1.1.2,6,1 , 161 ,0 ,1672 ,0 ,2352 
1637750211,10.1.1.96,12.1.1.2,6,1 , 161 ,0 ,1672 ,0 ,2352 
1637750211,12.1.1.2,10.1.1.96,6,1 , 168 ,0 ,410 ,0 ,28316 
1637750211,12.1.1.2,10.1.1.96,6,1 , 168 ,0 ,410 ,0 ,28316 
1637750211,10.254.1.213,10.1.1.96,6,2 , 225 ,0 ,158 ,0 ,102116 
1637750211,10.254.1.213,10.1.1.96,6,2 , 225 ,0 ,158 ,0 ,102116 
1637750211,12.1.1.2,10.1.1.96,6,1 , 169 ,0 ,402 ,0 ,208884 
1637750211,12.1.1.2,10.1.1.96,6,1 , 169 ,0 ,402 ,0 ,208884 
1637750211,10.254.1.213,10.1.1.96,6,2 , 226 ,0 ,370 ,0 ,102152 
1637750211,10.254.1.213,10.1.1.96,6,2 , 226 ,0 ,370 ,0 ,102152 
1637750211,10.1.1.96,10.254.1.213,6,2 , 210 ,0 ,56 ,0 ,5615 
1637750211,10.1.1.96,10.254.1.213,6,2 , 211 ,0 ,206 ,0 ,227064 
1637750211,10.1.1.96,10.254.1.213,6,2 , 210 ,0 ,56 ,0 ,5615 
1637750211,10.1.1.96,10.254.1.213,6,2 , 211 ,0 ,206 ,0 ,227064 
1637750211,10.1.1.96,12.1.1.2,6,1 , 162 ,1 ,243 ,0 ,2352 
1637750211,10.1.1.96,12.1.1.2,6,1 , 163 ,0 ,673 ,0 ,0 
1637750211,10.1.1.96,12.1.1.2,6,1 , 162 ,1 ,243 ,0 ,2352 
1637750211,10.1.1.96,12.1.1.2,6,1 , 163 ,0 ,673 ,0 ,0 
1637750211,12.1.1.2,10.1.1.96,6,1 , 170 ,0 ,209 ,0 ,28061 
1637750211,10.254.1.213,10.1.1.96,6,2 , 227 ,0 ,107 ,0 ,102188 
1637750211,12.1.1.2,10.1.1.96,6,1 , 171 ,0 ,174 ,0 ,76392 
1637750211,10.254.1.213,10.1.1.96,6,2 , 228 ,0 ,110 ,0 ,102224 
1637750211,10.1.1.96,10.254.1.213,6,2 , 212 ,0 ,2014 ,0 ,5651 
1637750211,10.1.1.96,12.1.1.2,6,1 , 164 ,0 ,98 ,0 ,2352 
1637750211,12.1.1.2,10.1.1.96,6,1 , 172 ,0 ,195 ,0 ,27161 
1637750211,10.254.1.213,10.1.1.96,6,2 , 229 ,0 ,213 ,0 ,102260 
1637750211,10.1.1.96,10.254.1.213,6,2 , 213 ,0 ,59 ,0 ,5687 
1637750211,10.1.1.96,10.254.1.213,6,2 , 214 ,0 ,659 ,0 ,227100 
1637750211,10.1.1.96,12.1.1.2,6,1 , 165 ,1 ,262 ,0 ,2352 
1637750211,10.1.1.96,12.1.1.2,6,1 , 166 ,0 ,1319 ,0 ,0 
1637750211,12.1.1.2,10.1.1.96,17,1 , 56712 ,0 ,187 ,0 ,26889 
1637750211,10.254.1.213,10.1.1.96,17,2 , 9865 ,0 ,110 ,0 ,102296 
1637750211,10.1.1.96,10.254.1.213,17,2 , 13 ,0 ,127 ,0 ,5723 
1637750211,10.1.1.96,12.1.1.2,17,1 , 10 ,0 ,87 ,0 ,2352 
1637750211,12.1.1.2,10.1.1.96,6,1 , 173 ,0 ,330 ,0 ,27693 
1637750211,10.254.1.213,10.1.1.96,6,2 , 230 ,0 ,171 ,0 ,102332 
1637750211,10.1.1.96,10.254.1.213,6,2 , 215 ,0 ,146 ,0 ,5759 
1637750212,10.1.1.96,12.1.1.2,6,1 , 167 ,0 ,211 ,0 ,2352 
1637750212,12.1.1.2,10.1.1.96,6,1 , 174 ,0 ,144 ,0 ,27357 
1637750212,10.254.1.213,10.1.1.96,6,2 , 231 ,0 ,165 ,0 ,102368 
1637750212,10.254.1.213,10.1.1.96,6,2 , 232 ,0 ,111 ,0 ,102404 
1637750212,10.1.1.96,10.254.1.213,6,2 , 216 ,0 ,165 ,0 ,5795 
1637750212,10.254.1.213,10.1.1.96,6,2 , 233 ,0 ,308 ,0 ,102440 
1637750212,10.254.1.213,10.1.1.96,6,2 , 234 ,0 ,386 ,0 ,47824 
1637750212,10.1.1.96,10.254.1.213,6,2 , 217 ,0 ,1713 ,0 ,5831 
1637750212,10.1.1.96,10.254.1.213,6,2 , 218 ,0 ,1385 ,0 ,227136 
1637750212,10.254.1.213,10.1.1.96,6,2 , 235 ,0 ,129 ,0 ,102476 
1637750212,10.254.1.213,10.1.1.96,6,2 , 236 ,0 ,212 ,0 ,47860 
1637750212,10.1.1.96,10.254.1.213,6,2 , 219 ,0 ,3721 ,0 ,5867 
1637750212,10.254.1.213,10.1.1.96,6,2 , 237 ,0 ,534 ,0 ,102512 
1637750212,10.1.1.96,10.254.1.213,6,2 , 220 ,0 ,183 ,0 ,5903 
1637750212,10.1.1.96,10.254.1.213,6,2 , 221 ,0 ,79 ,0 ,3008 
1637750212,10.254.1.213,10.1.1.96,6,2 , 238 ,0 ,208 ,0 ,102548 
1637750212,10.254.1.213,10.1.1.96,17,2 , 9866 ,0 ,1338 ,0 ,102584 
1637750212,10.1.1.96,10.254.1.213,17,2 , 14 ,1 ,190 ,0 ,5939 
1637750212,10.1.1.96,10.254.1.213,6,2 , 222 ,0 ,1002 ,0 ,227172 
1637750212,10.254.1.213,10.1.1.96,6,2 , 239 ,0 ,168 ,0 ,102620 
1637750212,10.1.1.96,10.254.1.213,6,2 , 223 ,0 ,381 ,0 ,5975 
1637750212,10.254.1.213,10.1.1.96,6,2 , 240 ,6 ,1120 ,0 ,102656 
1637750272,12.1.1.2,10.1.1.96,6,1 , 175 ,0 ,423 ,0 ,227524 
1637750272,12.1.1.2,10.1.1.96,6,1 , 175 ,0 ,423 ,0 ,227524 
1637750272,10.254.1.213,10.1.1.96,6,2 , 241 ,0 ,1154 ,0 ,112592 
1637750272,10.254.1.213,10.1.1.96,6,2 , 241 ,0 ,1154 ,0 ,112592 
1637750272,10.1.1.96,10.254.1.213,6,2 , 224 ,0 ,222 ,0 ,6011 
1637750272,10.1.1.96,10.254.1.213,6,2 , 224 ,0 ,222 ,0 ,6011 
1637750272,10.1.1.96,10.254.1.213,6,2 , 225 ,0 ,1063 ,0 ,3264 
1637750272,10.1.1.96,10.254.1.213,6,2 , 225 ,0 ,1063 ,0 ,3264 
1637750272,10.1.1.96,12.1.1.2,6,1 , 168 ,0 ,139 ,0 ,2424 
1637750272,10.1.1.96,12.1.1.2,6,1 , 168 ,0 ,139 ,0 ,2424 
1637750272,10.1.1.96,12.1.1.2,6,1 , 169 ,0 ,124 ,0 ,2424 
1637750272,10.1.1.96,12.1.1.2,6,1 , 169 ,0 ,124 ,0 ,2424 
1637750272,12.1.1.2,10.1.1.96,6,1 , 176 ,0 ,191 ,0 ,31333 
1637750272,12.1.1.2,10.1.1.96,6,1 , 176 ,0 ,191 ,0 ,31333 
1637750272,10.254.1.213,10.1.1.96,6,2 , 242 ,0 ,81 ,0 ,112628 
1637750272,10.254.1.213,10.1.1.96,6,2 , 242 ,0 ,81 ,0 ,112628 
1637750272,12.1.1.2,10.1.1.96,6,1 , 177 ,0 ,155 ,0 ,31321 
1637750272,12.1.1.2,10.1.1.96,6,1 , 177 ,0 ,155 ,0 ,31321 
1637750272,10.254.1.213,10.1.1.96,6,2 , 243 ,0 ,74 ,0 ,112664 
1637750272,10.254.1.213,10.1.1.96,6,2 , 243 ,0 ,74 ,0 ,112664 
1637750272,10.254.1.213,10.1.1.96,6,2 , 244 ,0 ,90 ,0 ,112700 
1637750272,10.254.1.213,10.1.1.96,6,2 , 244 ,0 ,90 ,0 ,112700 
1637750272,10.1.1.96,10.254.1.213,6,2 , 226 ,0 ,174 ,0 ,6047 
1637750272,10.1.1.96,10.254.1.213,6,2 , 227 ,0 ,211 ,0 ,173040 
1637750272,10.254.1.213,10.1.1.96,6,2 , 245 ,0 ,102 ,0 ,112736 
1637750272,10.254.1.213,10.1.1.96,6,2 , 246 ,0 ,60 ,0 ,112772 
1637750272,10.1.1.96,10.254.1.213,6,2 , 228 ,0 ,174 ,0 ,6083 
1637750272,10.254.1.213,10.1.1.96,6,2 , 247 ,0 ,85 ,0 ,112808 
1637750272,10.1.1.96,10.254.1.213,6,2 , 229 ,0 ,301 ,0 ,6119 
1637750272,10.1.1.96,10.254.1.213,6,2 , 230 ,0 ,482 ,0 ,173076 
1637750272,10.254.1.213,10.1.1.96,6,2 , 248 ,0 ,85 ,0 ,112844 
1637750272,10.1.1.96,10.254.1.213,6,2 , 231 ,0 ,538 ,0 ,6155 
1637750272,10.254.1.213,10.1.1.96,6,2 , 249 ,0 ,87 ,0 ,112880 
1637750272,10.1.1.96,10.254.1.213,6,2 , 232 ,0 ,141 ,0 ,6191 
1637750272,10.1.1.96,12.1.1.2,6,1 , 170 ,0 ,109 ,0 ,2460 
1637750272,10.1.1.96,12.1.1.2,6,1 , 170 ,0 ,109 ,0 ,2460 
1637750272,10.254.1.213,10.1.1.96,6,2 , 250 ,0 ,76 ,0 ,112916 
1637750272,10.1.1.96,10.254.1.213,6,2 , 233 ,0 ,163 ,0 ,6227 
1637750272,10.254.1.213,10.1.1.96,6,2 , 251 ,0 ,79 ,0 ,112952 
1637750272,10.1.1.96,10.254.1.213,6,2 , 234 ,0 ,103 ,0 ,6263 
1637750272,12.1.1.2,10.1.1.96,6,1 , 178 ,0 ,287 ,0 ,236760 
1637750272,10.254.1.213,10.1.1.96,6,2 , 252 ,0 ,65 ,0 ,112988 
1637750272,10.1.1.96,10.254.1.213,6,2 , 235 ,0 ,122 ,0 ,6299 
1637750272,10.1.1.96,10.254.1.213,6,2 , 236 ,0 ,351 ,0 ,173112 
1637750272,10.1.1.96,12.1.1.2,6,1 , 171 ,1 ,170 ,0 ,2460 
1637750272,10.1.1.96,12.1.1.2,6,1 , 172 ,0 ,1381 ,0 ,0 
1637750272,12.1.1.2,10.1.1.96,6,1 , 179 ,0 ,113 ,0 ,4148 
1637750272,10.254.1.213,10.1.1.96,6,2 , 253 ,0 ,77 ,0 ,113024 
1637750272,10.1.1.96,10.254.1.213,6,2 , 237 ,0 ,188 ,0 ,6335 
1637750272,10.1.1.96,12.1.1.2,6,1 , 173 ,0 ,154 ,0 ,2460 
1637750272,12.1.1.2,10.1.1.96,6,1 , 180 ,0 ,75 ,0 ,31901 
1637750272,10.254.1.213,10.1.1.96,6,2 , 254 ,0 ,152 ,0 ,113060 
1637750272,12.1.1.2,10.1.1.96,6,1 , 181 ,0 ,69 ,0 ,80564 
1637750272,10.254.1.213,10.1.1.96,6,2 , 255 ,0 ,88 ,0 ,113096 
1637750272,12.1.1.2,10.1.1.96,6,1 , 182 ,0 ,269 ,0 ,137028 
1637750272,10.1.1.96,10.254.1.213,6,2 , 238 ,0 ,3364 ,0 ,6371 
1637750272,10.1.1.96,12.1.1.2,6,1 , 174 ,0 ,218 ,0 ,2460 
1637750272,10.254.1.213,10.1.1.96,6,2 , 256 ,0 ,287 ,0 ,113132 
1637750272,10.1.1.96,10.254.1.213,6,2 , 239 ,1 ,1049 ,0 ,6407 
1637750272,10.1.1.96,10.254.1.213,6,2 , 240 ,0 ,1621 ,0 ,173148 
1637750272,10.1.1.96,12.1.1.2,6,1 , 175 ,0 ,176 ,0 ,2460 
1637750272,10.1.1.96,12.1.1.2,6,1 , 176 ,0 ,1071 ,0 ,226409 
1637750272,12.1.1.2,10.1.1.96,6,1 , 183 ,0 ,175 ,0 ,31509 
1637750272,10.254.1.213,10.1.1.96,6,2 , 257 ,0 ,70 ,0 ,113168 
1637750302,12.1.1.2,10.1.1.96,6,1 , 184 ,0 ,2671 ,0 ,31693 
1637750302,12.1.1.2,10.1.1.96,6,1 , 184 ,0 ,2671 ,0 ,31693 
1637750302,10.254.1.213,10.1.1.96,6,2 , 258 ,0 ,382 ,0 ,113204 
1637750302,10.254.1.213,10.1.1.96,6,2 , 258 ,0 ,382 ,0 ,113204 
1637750302,10.1.1.96,10.254.1.213,6,2 , 241 ,0 ,959 ,0 ,6443 
1637750302,10.1.1.96,10.254.1.213,6,2 , 241 ,0 ,959 ,0 ,6443 
1637750303,10.1.1.96,12.1.1.2,6,1 , 177 ,0 ,203 ,0 ,2496 
1637750303,10.1.1.96,12.1.1.2,6,1 , 177 ,0 ,203 ,0 ,2496 
1637750303,12.1.1.2,10.1.1.96,6,1 , 185 ,0 ,424 ,0 ,32373 
1637750303,12.1.1.2,10.1.1.96,6,1 , 185 ,0 ,424 ,0 ,32373 
1637750303,10.254.1.213,10.1.1.96,6,2 , 259 ,0 ,73 ,0 ,113240 
1637750303,10.254.1.213,10.1.1.96,6,2 , 259 ,0 ,73 ,0 ,113240 
1637750303,12.1.1.2,10.1.1.96,6,1 , 186 ,0 ,449 ,0 ,31357 
1637750303,12.1.1.2,10.1.1.96,6,1 , 186 ,0 ,449 ,0 ,31357 
1637750303,10.254.1.213,10.1.1.96,6,2 , 260 ,0 ,197 ,0 ,113276 
1637750303,10.254.1.213,10.1.1.96,6,2 , 260 ,0 ,197 ,0 ,113276 
1637750303,10.1.1.96,10.254.1.213,6,2 , 242 ,1 ,551 ,0 ,6479 
1637750303,10.1.1.96,10.254.1.213,6,2 , 242 ,1 ,551 ,0 ,6479 
1637750303,10.1.1.96,10.254.1.213,6,2 , 243 ,0 ,1222 ,0 ,132416 
1637750303,10.1.1.96,10.254.1.213,6,2 , 243 ,0 ,1222 ,0 ,132416 
1637750303,10.1.1.96,12.1.1.2,6,1 , 178 ,0 ,180 ,0 ,2496 
1637750303,10.1.1.96,12.1.1.2,6,1 , 178 ,0 ,180 ,0 ,2496 
1637750303,10.1.1.96,12.1.1.2,6,1 , 179 ,0 ,1049 ,0 ,226409 
1637750303,10.1.1.96,12.1.1.2,6,1 , 179 ,0 ,1049 ,0 ,226409 
1637750303,12.1.1.2,10.1.1.96,6,1 , 187 ,0 ,1151 ,0 ,29552 
1637750303,10.254.1.213,10.1.1.96,6,2 , 261 ,0 ,428 ,0 ,113312 
1637750303,12.1.1.2,10.1.1.96,6,1 , 188 ,0 ,200 ,0 ,56748 
1637750303,10.254.1.213,10.1.1.96,6,2 , 262 ,0 ,95 ,0 ,113348 
1637750303,10.1.1.96,10.254.1.213,6,2 , 244 ,0 ,143 ,0 ,6515 
1637750303,10.1.1.96,12.1.1.2,6,1 , 180 ,0 ,1832 ,0 ,2496 
1637750303,12.1.1.2,10.1.1.96,6,1 , 189 ,0 ,278 ,0 ,30445 
1637750303,10.254.1.213,10.1.1.96,6,2 , 263 ,0 ,89 ,0 ,113384 
1637750303,10.1.1.96,10.254.1.213,6,2 , 245 ,1 ,164 ,0 ,6551 
1637750303,10.1.1.96,10.254.1.213,6,2 , 246 ,0 ,1072 ,0 ,132452 
1637750303,10.1.1.96,12.1.1.2,6,1 , 181 ,1 ,261 ,0 ,2496 
1637750303,10.1.1.96,12.1.1.2,6,1 , 182 ,0 ,939 ,0 ,226409 
1637750303,12.1.1.2,10.1.1.96,17,1 , 65279 ,0 ,260 ,0 ,192780 
1637750303,10.254.1.213,10.1.1.96,17,2 , 11043 ,0 ,143 ,0 ,113420 
1637750303,10.1.1.96,12.1.1.2,17,1 , 11 ,0 ,155 ,0 ,2496 
1637750303,10.1.1.96,10.254.1.213,17,2 , 15 ,0 ,6871 ,0 ,6587 
1637750303,12.1.1.2,10.1.1.96,6,1 , 190 ,0 ,254 ,0 ,31533 
1637750303,10.254.1.213,10.1.1.96,6,2 , 264 ,0 ,81 ,0 ,113456 
1637750303,10.1.1.96,10.254.1.213,6,2 , 247 ,0 ,137 ,0 ,6623 
1637750303,10.1.1.96,12.1.1.2,6,1 , 183 ,0 ,1011 ,0 ,2496 
1637750303,12.1.1.2,10.1.1.96,6,1 , 191 ,0 ,232 ,0 ,31705 
1637750303,10.254.1.213,10.1.1.96,6,2 , 265 ,0 ,267 ,0 ,113492 
1637750304,10.254.1.213,10.1.1.96,6,2 , 266 ,0 ,85 ,0 ,113528 
1637750304,10.254.1.213,10.1.1.96,6,2 , 266 ,0 ,85 ,0 ,113528 
1637750304,10.1.1.96,10.254.1.213,6,2 , 248 ,0 ,2440 ,0 ,6659 
1637750304,10.254.1.213,10.1.1.96,6,2 , 267 ,1 ,472 ,0 ,113564 
1637750304,10.254.1.213,10.1.1.96,6,2 , 268 ,0 ,568 ,0 ,252544 
1637750304,10.1.1.96,10.254.1.213,6,2 , 249 ,0 ,189 ,0 ,6695 
1637750304,10.1.1.96,10.254.1.213,6,2 , 250 ,0 ,701 ,0 ,3008 
1637750304,10.254.1.213,10.1.1.96,6,2 , 269 ,0 ,59 ,0 ,113600 
1637750304,10.254.1.213,10.1.1.96,6,2 , 270 ,0 ,83 ,0 ,113636 
1637750304,10.1.1.96,10.254.1.213,6,2 , 251 ,0 ,1121 ,0 ,6731 
1637750304,10.254.1.213,10.1.1.96,6,2 , 271 ,0 ,53 ,0 ,113672 
1637750304,10.1.1.96,10.254.1.213,6,2 , 252 ,1 ,5503 ,0 ,6767 
1637750304,10.1.1.96,10.254.1.213,6,2 , 253 ,0 ,5989 ,0 ,132488 
1637750304,10.254.1.213,10.1.1.96,17,2 , 11044 ,0 ,182 ,0 ,113708 
1637750304,10.254.1.213,10.1.1.96,6,2 , 272 ,0 ,81 ,0 ,113744 
1637750304,10.1.1.96,10.254.1.213,17,2 , 16 ,0 ,135 ,0 ,6803 
1637750304,10.1.1.96,10.254.1.213,6,2 , 254 ,0 ,474 ,0 ,3044 
1637750304,10.254.1.213,10.1.1.96,6,2 , 273 ,0 ,84 ,0 ,113780 
1637750363,12.1.1.2,10.1.1.96,6,1 , 192 ,0 ,309 ,0 ,110928 
1637750363,12.1.1.2,10.1.1.96,6,1 , 192 ,0 ,309 ,0 ,110928 
1637750363,10.254.1.213,10.1.1.96,6,2 , 274 ,0 ,317 ,0 ,122456 
1637750363,10.254.1.213,10.1.1.96,6,2 , 274 ,0 ,317 ,0 ,122456 
1637750363,10.1.1.96,10.254.1.213,6,2 , 255 ,1 ,3187 ,0 ,6839 
1637750363,10.1.1.96,10.254.1.213,6,2 , 255 ,1 ,3187 ,0 ,6839 
1637750363,10.1.1.96,10.254.1.213,6,2 , 256 ,0 ,3661 ,0 ,76608 
1637750363,10.1.1.96,10.254.1.213,6,2 , 256 ,0 ,3661 ,0 ,76608 
1637750363,10.1.1.96,12.1.1.2,6,1 , 184 ,0 ,99 ,0 ,2640 
1637750363,10.1.1.96,12.1.1.2,6,1 , 185 ,0 ,1555 ,0 ,52528 
1637750363,10.1.1.96,12.1.1.2,6,1 , 184 ,0 ,99 ,0 ,2640 
1637750363,10.1.1.96,12.1.1.2,6,1 , 185 ,0 ,1555 ,0 ,52528 
1637750363,12.1.1.2,10.1.1.96,6,1 , 193 ,0 ,175 ,0 ,139208 
1637750363,12.1.1.2,10.1.1.96,6,1 , 193 ,0 ,175 ,0 ,139208 
1637750363,10.254.1.213,10.1.1.96,6,2 , 275 ,0 ,764 ,0 ,122492 
1637750363,10.254.1.213,10.1.1.96,6,2 , 275 ,0 ,764 ,0 ,122492 
1637750363,12.1.1.2,10.1.1.96,6,1 , 194 ,0 ,172 ,0 ,217200 
1637750363,12.1.1.2,10.1.1.96,6,1 , 194 ,0 ,172 ,0 ,217200 
1637750363,10.254.1.213,10.1.1.96,6,2 , 276 ,0 ,110 ,0 ,122528 
1637750363,10.254.1.213,10.1.1.96,6,2 , 276 ,0 ,110 ,0 ,122528 
1637750363,10.1.1.96,10.254.1.213,6,2 , 257 ,0 ,95 ,0 ,6875 
1637750363,10.1.1.96,10.254.1.213,6,2 , 257 ,0 ,95 ,0 ,6875 
1637750363,10.1.1.96,12.1.1.2,6,1 , 186 ,0 ,51 ,0 ,2640 
1637750363,10.1.1.96,12.1.1.2,6,1 , 186 ,0 ,51 ,0 ,2640 
1637750363,12.1.1.2,10.1.1.96,6,1 , 195 ,0 ,245 ,0 ,35569 
1637750363,10.254.1.213,10.1.1.96,6,2 , 277 ,0 ,65 ,0 ,122564 
1637750363,10.1.1.96,10.254.1.213,6,2 , 258 ,0 ,223 ,0 ,6911 
1637750363,10.1.1.96,10.254.1.213,6,2 , 259 ,0 ,380 ,0 ,76644 
1637750363,10.1.1.96,12.1.1.2,6,1 , 187 ,0 ,43 ,0 ,2640 
1637750363,10.1.1.96,12.1.1.2,6,1 , 188 ,0 ,668 ,0 ,52528 
1637750363,12.1.1.2,10.1.1.96,6,1 , 196 ,0 ,163 ,0 ,212304 
1637750363,10.254.1.213,10.1.1.96,6,2 , 278 ,0 ,292 ,0 ,122600 
1637750363,10.1.1.96,10.254.1.213,6,2 , 260 ,0 ,654 ,0 ,6947 
1637750363,10.1.1.96,12.1.1.2,6,1 , 189 ,0 ,134 ,0 ,2640 
1637750363,12.1.1.2,10.1.1.96,6,1 , 197 ,0 ,183 ,0 ,72332 
1637750363,10.254.1.213,10.1.1.96,6,2 , 279 ,0 ,271 ,0 ,122636 
1637750363,12.1.1.2,10.1.1.96,6,1 , 198 ,0 ,192 ,0 ,27736 
1637750363,12.1.1.2,10.1.1.96,6,1 , 199 ,0 ,166 ,0 ,231424 
1637750363,10.254.1.213,10.1.1.96,6,2 , 280 ,0 ,162 ,0 ,122672 
1637750363,10.254.1.213,10.1.1.96,6,2 , 281 ,0 ,1059 ,0 ,160621 
1637750363,10.1.1.96,10.254.1.213,6,2 , 261 ,0 ,158 ,0 ,6983 
1637750363,10.1.1.96,10.254.1.213,6,2 , 262 ,1 ,1144 ,0 ,47728 
1637750363,10.1.1.96,10.254.1.213,6,2 , 263 ,0 ,1862 ,0 ,221856 
1637750363,10.1.1.96,12.1.1.2,6,1 , 190 ,0 ,490 ,0 ,2640 
1637750363,10.1.1.96,12.1.1.2,6,1 , 191 ,0 ,187 ,0 ,2640 
1637750363,10.1.1.96,12.1.1.2,6,1 , 192 ,0 ,802 ,0 ,226409 
1637750364,12.1.1.2,10.1.1.96,6,1 , 200 ,0 ,30 ,0 ,34841 
1637750364,10.254.1.213,10.1.1.96,6,2 , 282 ,0 ,249 ,0 ,122708 
1637750364,10.254.1.213,10.1.1.96,6,2 , 283 ,0 ,506 ,0 ,122744 
1637750364,10.1.1.96,10.254.1.213,6,2 , 264 ,1 ,385 ,0 ,7019 
1637750364,10.1.1.96,10.254.1.213,6,2 , 265 ,0 ,1565 ,0 ,47764 
1637750364,10.254.1.213,10.1.1.96,6,2 , 284 ,0 ,4476 ,0 ,122780 
1637750364,10.254.1.213,10.1.1.96,6,2 , 285 ,0 ,164 ,0 ,122816 
1637750364,10.1.1.96,10.254.1.213,6,2 , 266 ,0 ,221 ,0 ,7055 
1637750364,10.254.1.213,10.1.1.96,6,2 , 286 ,0 ,145 ,0 ,122852 
1637750364,10.1.1.96,10.254.1.213,6,2 , 267 ,0 ,107 ,0 ,7091 
1637750364,10.1.1.96,10.254.1.213,6,2 , 268 ,0 ,1470 ,0 ,47800 
1637750364,10.254.1.213,10.1.1.96,6,2 , 287 ,0 ,1448 ,0 ,122888 
1637750364,10.1.1.96,10.254.1.213,6,2 , 269 ,0 ,869 ,0 ,7127 
1637750364,10.254.1.213,10.1.1.96,6,2 , 288 ,0 ,313 ,0 ,122924 
1637750364,10.254.1.213,10.1.1.96,6,2 , 289 ,0 ,99 ,0 ,122960 
1637750364,10.1.1.96,10.254.1.213,6,2 , 270 ,0 ,95 ,0 ,7163 
1637750364,10.254.1.213,10.1.1.96,6,2 , 290 ,0 ,171 ,0 ,122996 
1637750364,10.1.1.96,10.254.1.213,6,2 , 271 ,0 ,189 ,0 ,7199 
1637750381,12.1.1.2,10.1.1.96,6,1 , 201 ,0 ,25 ,0 ,35569 
1637750382,12.1.1.2,10.1.1.96,6,1 , 201 ,0 ,25 ,0 ,35569 
1637750382,10.254.1.213,10.1.1.96,6,2 , 291 ,0 ,332 ,0 ,123032 
1637750382,10.254.1.213,10.1.1.96,6,2 , 291 ,0 ,332 ,0 ,123032 
1637750382,10.1.1.96,10.254.1.213,6,2 , 272 ,0 ,306 ,0 ,7235 
1637750382,10.1.1.96,10.254.1.213,6,2 , 272 ,0 ,306 ,0 ,7235 
1637750382,10.1.1.96,12.1.1.2,6,1 , 193 ,0 ,165 ,0 ,2676 
1637750382,10.1.1.96,12.1.1.2,6,1 , 193 ,0 ,165 ,0 ,2676 
1637750382,12.1.1.2,10.1.1.96,6,1 , 202 ,0 ,32 ,0 ,56631 
1637750382,12.1.1.2,10.1.1.96,6,1 , 202 ,0 ,32 ,0 ,56631 
1637750382,10.254.1.213,10.1.1.96,6,2 , 292 ,0 ,125 ,0 ,123068 
1637750382,10.254.1.213,10.1.1.96,6,2 , 292 ,0 ,125 ,0 ,123068 
1637750382,12.1.1.2,10.1.1.96,6,1 , 203 ,0 ,42 ,0 ,35737 
1637750382,12.1.1.2,10.1.1.96,6,1 , 203 ,0 ,42 ,0 ,35737 
1637750382,10.254.1.213,10.1.1.96,6,2 , 293 ,0 ,207 ,0 ,123104 
1637750382,10.254.1.213,10.1.1.96,6,2 , 293 ,0 ,207 ,0 ,123104 
1637750382,10.1.1.96,10.254.1.213,6,2 , 273 ,0 ,295 ,0 ,7271 
1637750382,10.1.1.96,10.254.1.213,6,2 , 273 ,0 ,295 ,0 ,7271 
1637750382,10.1.1.96,10.254.1.213,6,2 , 274 ,0 ,1052 ,0 ,164320 
1637750382,10.1.1.96,12.1.1.2,6,1 , 194 ,1 ,651 ,0 ,2676 
1637750382,10.1.1.96,10.254.1.213,6,2 , 274 ,0 ,1052 ,0 ,164320 
1637750382,10.1.1.96,12.1.1.2,6,1 , 194 ,1 ,651 ,0 ,2676 
1637750382,10.1.1.96,12.1.1.2,6,1 , 195 ,0 ,1377 ,0 ,226409 
1637750382,10.1.1.96,12.1.1.2,6,1 , 195 ,0 ,1377 ,0 ,226409 
1637750382,12.1.1.2,10.1.1.96,6,1 , 204 ,0 ,147 ,0 ,35225 
1637750382,10.254.1.213,10.1.1.96,6,2 , 294 ,0 ,170 ,0 ,123140 
1637750382,12.1.1.2,10.1.1.96,6,1 , 205 ,0 ,267 ,0 ,35933 
1637750382,10.254.1.213,10.1.1.96,6,2 , 295 ,0 ,210 ,0 ,123176 
1637750382,10.1.1.96,10.254.1.213,6,2 , 275 ,0 ,115 ,0 ,7307 
1637750382,10.1.1.96,12.1.1.2,6,1 , 196 ,0 ,1348 ,0 ,2676 
1637750382,12.1.1.2,10.1.1.96,6,1 , 206 ,0 ,192 ,0 ,35561 
1637750382,10.254.1.213,10.1.1.96,6,2 , 296 ,0 ,177 ,0 ,123212 
1637750382,10.1.1.96,10.254.1.213,6,2 , 276 ,0 ,132 ,0 ,7343 
1637750382,10.1.1.96,10.254.1.213,6,2 , 277 ,0 ,215 ,0 ,164356 
1637750382,10.1.1.96,12.1.1.2,6,1 , 197 ,0 ,163 ,0 ,2676 
1637750382,10.1.1.96,12.1.1.2,6,1 , 198 ,0 ,719 ,0 ,226409 
1637750382,12.1.1.2,10.1.1.96,17,1 , 8284 ,0 ,299 ,0 ,106971 
1637750382,10.254.1.213,10.1.1.96,17,2 , 12134 ,0 ,283 ,0 ,123248 
1637750382,10.1.1.96,10.254.1.213,17,2 , 17 ,0 ,248 ,0 ,7379 
1637750382,10.1.1.96,12.1.1.2,17,1 , 12 ,0 ,994 ,0 ,2676 
1637750382,12.1.1.2,10.1.1.96,6,1 , 207 ,0 ,190 ,0 ,36024 
1637750382,10.254.1.213,10.1.1.96,6,2 , 297 ,0 ,532 ,0 ,123284 
1637750382,10.1.1.96,10.254.1.213,6,2 , 278 ,0 ,230 ,0 ,7415 
1637750382,10.1.1.96,12.1.1.2,6,1 , 199 ,0 ,200 ,0 ,2676 
1637750382,12.1.1.2,10.1.1.96,6,1 , 208 ,0 ,169 ,0 ,36520 
1637750382,10.254.1.213,10.1.1.96,6,2 , 298 ,0 ,211 ,0 ,123320 
1637750382,10.254.1.213,10.1.1.96,6,2 , 299 ,0 ,706 ,0 ,123356 
1637750382,10.1.1.96,10.254.1.213,6,2 , 279 ,0 ,1085 ,0 ,7451 
1637750382,10.254.1.213,10.1.1.96,6,2 , 300 ,0 ,98 ,0 ,123392 
1637750382,10.254.1.213,10.1.1.96,6,2 , 301 ,0 ,48 ,0 ,25970 
1637750382,10.1.1.96,10.254.1.213,6,2 , 280 ,0 ,396 ,0 ,7487 
1637750382,10.1.1.96,10.254.1.213,6,2 , 281 ,1 ,2226 ,0 ,164392 
1637750382,10.254.1.213,10.1.1.96,6,2 , 302 ,0 ,988 ,0 ,123428 
1637750382,10.254.1.213,10.1.1.96,6,2 , 303 ,0 ,285 ,0 ,26006 
1637750382,10.1.1.96,10.254.1.213,6,2 , 282 ,0 ,1120 ,0 ,7523 
1637750382,10.254.1.213,10.1.1.96,6,2 , 304 ,0 ,404 ,0 ,123464 
1637750382,10.1.1.96,10.254.1.213,6,2 , 283 ,1 ,164 ,0 ,7559 
1637750382,10.1.1.96,10.254.1.213,6,2 , 284 ,0 ,1158 ,0 ,3008 
1637750382,10.254.1.213,10.1.1.96,6,2 , 305 ,1 ,1684 ,0 ,123500 
1637750382,10.254.1.213,10.1.1.96,17,2 , 12135 ,0 ,1782 ,0 ,26042 
1637750382,10.1.1.96,10.254.1.213,17,2 , 18 ,0 ,146 ,0 ,7595 
1637750382,10.1.1.96,10.254.1.213,6,2 , 285 ,0 ,448 ,0 ,7631 
1637750382,10.254.1.213,10.1.1.96,6,2 , 306 ,0 ,136 ,0 ,123536 
1637750382,10.1.1.96,10.254.1.213,6,2 , 286 ,0 ,207 ,0 ,7667 
1637750382,10.254.1.213,10.1.1.96,6,2 , 307 ,0 ,116 ,0 ,123572 
1637750442,10.254.1.213,10.1.1.96,6,2 , 308 ,0 ,4308 ,0 ,132068 
1637750442,10.254.1.213,10.1.1.96,6,2 , 308 ,0 ,4308 ,0 ,132068 
1637750442,10.1.1.96,10.254.1.213,6,2 , 287 ,4 ,22189 ,0 ,7703 
1637750442,10.1.1.96,10.254.1.213,6,2 , 288 ,3 ,23470 ,0 ,160176 
1637750442,10.254.1.213,10.1.1.96,6,2 , 309 ,2 ,10680 ,0 ,162903 
1637750442,10.254.1.213,10.1.1.96,6,2 , 310 ,2 ,11048 ,0 ,175073 
1637750442,10.1.1.96,10.254.1.213,6,2 , 289 ,3 ,11511 ,0 ,146752 
1637750442,10.254.1.213,10.1.1.96,6,2 , 311 ,2 ,6273 ,0 ,132104 
1637750442,10.1.1.96,10.254.1.213,6,2 , 290 ,1 ,2552 ,0 ,160212 
1637750442,10.1.1.96,10.254.1.213,6,2 , 291 ,0 ,2718 ,0 ,7739 
1637750442,10.1.1.96,10.254.1.213,6,2 , 287 ,4 ,22189 ,0 ,7703 
1637750442,10.1.1.96,10.254.1.213,6,2 , 288 ,3 ,23470 ,0 ,160176 
1637750442,10.254.1.213,10.1.1.96,6,2 , 309 ,2 ,10680 ,0 ,162903 
1637750442,10.254.1.213,10.1.1.96,6,2 , 310 ,2 ,11048 ,0 ,175073 
1637750442,10.1.1.96,10.254.1.213,6,2 , 289 ,3 ,11511 ,0 ,146752 
1637750442,10.254.1.213,10.1.1.96,6,2 , 312 ,0 ,2022 ,0 ,132140 
1637750442,12.1.1.2,10.1.1.96,6,1 , 209 ,0 ,169 ,0 ,39953 
1637750442,12.1.1.2,10.1.1.96,6,1 , 209 ,0 ,169 ,0 ,39953 
1637750442,10.1.1.96,10.254.1.213,6,2 , 292 ,0 ,43615 ,0 ,7775 
1637750442,10.254.1.213,10.1.1.96,6,2 , 313 ,0 ,344 ,0 ,132176 
1637750442,10.254.1.213,10.1.1.96,6,2 , 314 ,1 ,215 ,0 ,162939 
1637750442,10.254.1.213,10.1.1.96,6,2 , 315 ,1 ,1040 ,0 ,175109 
1637750442,10.254.1.213,10.1.1.96,6,2 , 316 ,0 ,1671 ,0 ,18240 
1637750442,10.1.1.96,10.254.1.213,6,2 , 293 ,0 ,339 ,0 ,7811 
1637750442,10.1.1.96,10.254.1.213,6,2 , 294 ,0 ,432 ,0 ,160248 
1637750442,10.1.1.96,10.254.1.213,6,2 , 295 ,0 ,710 ,0 ,7847 
1637750442,10.254.1.213,10.1.1.96,6,2 , 317 ,0 ,562 ,0 ,132212 
1637750442,10.1.1.96,12.1.1.2,6,1 , 200 ,0 ,155 ,0 ,2784 
1637750442,10.1.1.96,12.1.1.2,6,1 , 200 ,0 ,155 ,0 ,2784 
1637750442,10.1.1.96,12.1.1.2,6,1 , 201 ,0 ,203 ,0 ,226409 
1637750442,10.1.1.96,12.1.1.2,6,1 , 201 ,0 ,203 ,0 ,226409 
1637750442,12.1.1.2,10.1.1.96,6,1 , 210 ,0 ,84 ,0 ,39441 
1637750442,12.1.1.2,10.1.1.96,6,1 , 210 ,0 ,84 ,0 ,39441 
1637750442,10.254.1.213,10.1.1.96,6,2 , 318 ,0 ,148 ,0 ,132248 
1637750442,12.1.1.2,10.1.1.96,6,1 , 211 ,0 ,50 ,0 ,39997 
1637750442,12.1.1.2,10.1.1.96,6,1 , 211 ,0 ,50 ,0 ,39997 
1637750442,10.254.1.213,10.1.1.96,6,2 , 319 ,0 ,169 ,0 ,132284 
1637750442,10.1.1.96,10.254.1.213,6,2 , 296 ,0 ,585 ,0 ,7883 
1637750442,10.1.1.96,12.1.1.2,6,1 , 202 ,0 ,155 ,0 ,2784 
1637750442,10.1.1.96,12.1.1.2,6,1 , 202 ,0 ,155 ,0 ,2784 
1637750442,12.1.1.2,10.1.1.96,6,1 , 212 ,0 ,172 ,0 ,39365 
1637750442,10.254.1.213,10.1.1.96,6,2 , 320 ,0 ,693 ,0 ,132320 
1637750442,10.1.1.96,10.254.1.213,6,2 , 297 ,1 ,331 ,0 ,7919 
1637750442,10.1.1.96,10.254.1.213,6,2 , 298 ,0 ,1283 ,0 ,160284 
1637750442,10.1.1.96,12.1.1.2,6,1 , 203 ,0 ,1156 ,0 ,2784 
1637750442,10.1.1.96,12.1.1.2,6,1 , 204 ,0 ,96 ,0 ,2784 
1637750442,12.1.1.2,10.1.1.96,6,1 , 213 ,0 ,144 ,0 ,39973 
1637750442,10.254.1.213,10.1.1.96,6,2 , 321 ,0 ,1983 ,0 ,132356 
1637750442,10.1.1.96,10.254.1.213,6,2 , 299 ,0 ,597 ,0 ,7955 
1637750442,10.1.1.96,12.1.1.2,6,1 , 205 ,0 ,79 ,0 ,2784 
1637750442,12.1.1.2,10.1.1.96,6,1 , 214 ,0 ,208 ,0 ,39937 
1637750442,12.1.1.2,10.1.1.96,6,1 , 215 ,0 ,223 ,0 ,177568 
1637750442,10.254.1.213,10.1.1.96,6,2 , 322 ,0 ,347 ,0 ,132392 
1637750442,10.254.1.213,10.1.1.96,6,2 , 323 ,0 ,420 ,0 ,94934 
1637750442,12.1.1.2,10.1.1.96,6,1 , 216 ,0 ,91 ,0 ,38621 
1637750442,10.1.1.96,10.254.1.213,6,2 , 300 ,0 ,482 ,0 ,7991 
1637750442,10.1.1.96,12.1.1.2,6,1 , 206 ,0 ,129 ,0 ,2784 
1637750443,10.254.1.213,10.1.1.96,6,2 , 324 ,0 ,154 ,0 ,132428 
1637750443,10.1.1.96,10.254.1.213,6,2 , 301 ,1 ,337 ,0 ,8027 
1637750443,10.1.1.96,10.254.1.213,6,2 , 302 ,0 ,1690 ,0 ,7744 
1637750443,10.1.1.96,12.1.1.2,6,1 , 207 ,1 ,200 ,0 ,2784 
1637750443,10.1.1.96,12.1.1.2,6,1 , 208 ,0 ,998 ,0 ,226409 
1637750443,12.1.1.2,10.1.1.96,6,1 , 217 ,0 ,107 ,0 ,116060 
1637750443,10.254.1.213,10.1.1.96,6,2 , 325 ,0 ,148 ,0 ,132464 
